,value,value,value
,mean,sum,count
category,,,
A,11.5,46,4
B,15.666666666666666,47,3
C,27.666666666666668,83,3
